{
  "elastic_net_params": {
    "alpha": 0.0018312682932479934,
    "l1_ratio": 0.3433203278603682
  }
}