{
  "mse": 2403174600.7218146,
  "rmse": 49022.18478119692,
  "r2_score": -0.0023325074934903434,
  "model_type": "DummyRegressor"
}