{
  "model_type": "DummyRegressor",
  "mse": 2327671491.480214,
  "rmse": 48158.40404560465,
  "r2_score": -0.03205210959908009,
  "mse_conf_interval": [
    1941110039.546183,
    2714232943.414245
  ],
  "rmse_conf_interval": [
    44125.477453554595,
    52191.330637654704
  ],
  "r2_score_conf_interval": [
    -0.07021907803626393,
    0.006114858838103733
  ],
  "mse_folds": [
    1927534134.2095664,
    2350818629.61361,
    2543160338.0616956,
    2697879735.88849,
    2118964619.6277068
  ],
  "rmse_folds": [
    43903.69157838059,
    48485.24135872286,
    50429.75647434455,
    51941.11796918209,
    46032.212847393144
  ],
  "r2_folds": [
    -0.013269988548969103,
    -0.07302485946608295,
    -0.055447894611973636,
    -0.018244437645663192,
    -0.0002733677227115816
  ]
}