{
  "model_type": "ElasticNet",
  "mse": 177199945.70219293,
  "rmse": 13221.423667307949,
  "r2_score": 0.9212051542998626,
  "mse_conf_interval": [
    120978887.35088176,
    233421004.0535041
  ],
  "rmse_conf_interval": [
    11073.532503812017,
    15369.31483080388
  ],
  "r2_score_conf_interval": [
    0.8977956756117161,
    0.9446146329880091
  ],
  "mse_folds": [
    198031267.6619287,
    120683049.36199276,
    190609126.7087974,
    233860945.01142818,
    142815339.76681763
  ],
  "rmse_folds": [
    14072.35828359727,
    10985.58370602094,
    13806.126419412412,
    15292.512710847364,
    11950.537216661753
  ],
  "r2_folds": [
    0.8958985281999037,
    0.9449145457457622,
    0.9208944876704244,
    0.9117352774207251,
    0.9325829324624981
  ]
}