{
  "model_type": "ElasticNet",
  "mse": 262636332.6394083,
  "rmse": 16027.035361554668,
  "r2_score": 0.8851887774898024,
  "mse_conf_interval": [
    150562042.01608068,
    374710623.2627359
  ],
  "rmse_conf_interval": [
    12692.27450374817,
    19361.796219361167
  ],
  "r2_score_conf_interval": [
    0.8518843293838166,
    0.9184932255957882
  ],
  "mse_folds": [
    219093463.18161574,
    171768006.57907775,
    289738840.0577064,
    405574775.5252034,
    227006577.8534382
  ],
  "rmse_folds": [
    14801.80607836813,
    13106.0293979175,
    17021.716718877284,
    20138.887147139074,
    15066.737465471355
  ],
  "r2_folds": [
    0.8848265112460761,
    0.9215969540148752,
    0.8797542395776373,
    0.8469263645319897,
    0.8928398180784342
  ]
}