{
  "model_type": "Lasso",
  "mse": 211373386.32013816,
  "rmse": 14463.442882868952,
  "r2_score": 0.904931566223689,
  "mse_conf_interval": [
    155044941.19169226,
    267701831.44858405
  ],
  "rmse_conf_interval": [
    12412.719905241976,
    16514.165860495927
  ],
  "r2_score_conf_interval": [
    0.8732592361984581,
    0.9366038962489198
  ],
  "mse_folds": [
    245054526.40896016,
    247742683.00447333,
    199275524.32741162,
    226834042.05687794,
    137960155.80296767
  ],
  "rmse_folds": [
    15654.217527840865,
    15739.843804957956,
    14116.498302603646,
    15061.010658547386,
    11745.644120394916
  ],
  "r2_folds": [
    0.8711792477438516,
    0.8869185166963226,
    0.917297808773093,
    0.9143873989190135,
    0.9348748589861637
  ]
}