{
  "model_type": "Lasso",
  "mse": 245239583.6016566,
  "rmse": 15548.702211450833,
  "r2_score": 0.8913466435190515,
  "mse_conf_interval": [
    165741747.2817182,
    324737419.921595
  ],
  "rmse_conf_interval": [
    12959.958157532057,
    18137.44626536961
  ],
  "r2_score_conf_interval": [
    0.8621360968999312,
    0.9205571901381717
  ],
  "mse_folds": [
    251239538.93761757,
    157277273.25538287,
    265442782.1220939,
    332280947.48329,
    219957376.2098984
  ],
  "rmse_folds": [
    15850.537496804882,
    12541.023612743214,
    16292.414864656923,
    18228.57502613109,
    14830.960056918042
  ],
  "r2_folds": [
    0.8679278980204611,
    0.9282112103817195,
    0.8898374509315298,
    0.8745892109237907,
    0.8961674473377557
  ]
}