{
  "model_type": "LinearRegression",
  "mse": 245295119.11827332,
  "rmse": 15550.531658798393,
  "r2_score": 0.8913156707773544,
  "mse_conf_interval": [
    165826615.19786328,
    324763623.03868335
  ],
  "rmse_conf_interval": [
    12962.293461212596,
    18138.769856384188
  ],
  "r2_score_conf_interval": [
    0.8620612942374825,
    0.9205700473172264
  ],
  "mse_folds": [
    251560612.0964636,
    157278168.1348408,
    265499329.43468058,
    332177325.1822548,
    219960160.7431267
  ],
  "rmse_folds": [
    15860.662410393319,
    12541.05929077926,
    16294.150159940242,
    18225.73250056784,
    14831.053932311308
  ],
  "r2_folds": [
    0.86775911564187,
    0.9282108019163907,
    0.889813982988466,
    0.8746283204623819,
    0.8961661328776631
  ]
}