{
  "model_type": "RandomForestRegressor",
  "mse": 237083576.69463697,
  "rmse": 15368.801466421832,
  "r2_score": 0.8934237853681604,
  "mse_conf_interval": [
    196318485.91431722,
    277848667.4749567
  ],
  "rmse_conf_interval": [
    14063.932685338918,
    16673.670247504746
  ],
  "r2_score_conf_interval": [
    0.8703175955357493,
    0.9165299752005714
  ],
  "mse_folds": [
    226749643.05393597,
    231395669.77015182,
    288761692.31288517,
    198446217.56537735,
    240064660.77083465
  ],
  "rmse_folds": [
    15058.20849417141,
    15211.695164252793,
    16992.989504877743,
    14087.09400711791,
    15494.020161689305
  ],
  "r2_folds": [
    0.8808017953389122,
    0.8943800670505203,
    0.8801597698600034,
    0.9251016438873173,
    0.8866756507040485
  ]
}