{
  "model_type": "RandomForestRegressor",
  "mse": 262520535.2555852,
  "rmse": 16080.070052220759,
  "r2_score": 0.8841642072571778,
  "mse_conf_interval": [
    174844794.6811703,
    350196275.83000004
  ],
  "rmse_conf_interval": [
    13320.37496698282,
    18839.7651374587
  ],
  "r2_score_conf_interval": [
    0.8555244073016055,
    0.9128040072127501
  ],
  "mse_folds": [
    241730230.42610726,
    166600359.05725405,
    301930662.9869754,
    354883748.56888473,
    247457675.23870447
  ],
  "rmse_folds": [
    15547.676045831005,
    12907.376149212281,
    17376.152134088126,
    18838.358436150553,
    15730.78749582183
  ],
  "r2_folds": [
    0.8729267702871346,
    0.9239557128685033,
    0.8746944587806521,
    0.8660583723639916,
    0.8831857219856077
  ]
}