{
  "model_type": "RandomForestRegressor",
  "mse": 229602381.5011031,
  "rmse": 15013.471130421694,
  "r2_score": 0.8980151913681675,
  "mse_conf_interval": [
    147320634.4194643,
    311884128.5827419
  ],
  "rmse_conf_interval": [
    12169.11656603931,
    17857.82569480408
  ],
  "r2_score_conf_interval": [
    0.8638157342430169,
    0.9322146484933181
  ],
  "mse_folds": [
    256392742.6609721,
    135297041.65047064,
    262253097.19057846,
    303071925.71342945,
    190997100.29006505
  ],
  "rmse_folds": [
    16012.268504524027,
    11631.72565230416,
    16194.230367343132,
    17408.96107507365,
    13820.170052863497
  ],
  "r2_folds": [
    0.8652189516080049,
    0.9382440281549773,
    0.8911612157744533,
    0.8856133954160015,
    0.909838365887401
  ]
}