{
  "model_type": "RandomForestRegressor",
  "mse": 241460036.60741624,
  "rmse": 15415.86657575301,
  "r2_score": 0.8930401911098608,
  "mse_conf_interval": [
    159981119.76292688,
    322938953.4519056
  ],
  "rmse_conf_interval": [
    12705.775135793272,
    18125.95801571275
  ],
  "r2_score_conf_interval": [
    0.8620887710458659,
    0.9239916111738556
  ],
  "mse_folds": [
    249830114.3735165,
    152160727.9856175,
    294702400.4907364,
    309901425.4794271,
    200705514.70778364
  ],
  "rmse_folds": [
    15806.0151326486,
    12335.344664240942,
    17166.8983946063,
    17604.017310813662,
    14167.05737645555
  ],
  "r2_folds": [
    0.8686688071367155,
    0.9305466437494329,
    0.877694291044147,
    0.8830357786096914,
    0.905255435009317
  ]
}