{
  "mse": 209311471.64092347,
  "rmse": 14467.600756204309,
  "r2_score": 0.9126989245414734,
  "model_type": "XGBRegressor"
}