{
  "best_model_name": "XGBRegressor",
  "best_model_metrics": {
    "model_type": "XGBRegressor",
    "mse": 165556087.22753215,
    "rmse": 12728.02736530659,
    "r2_score": 0.9263156879434762,
    "mse_conf_interval": [
      104395573.5145176,
      226716600.9405467
    ],
    "rmse_conf_interval": [
      10111.160978441432,
      15344.893752171749
    ],
    "r2_score_conf_interval": [
      0.899858659943558,
      0.9527727159433944
    ],
    "mse_folds": [
      182189246.82288972,
      83732983.78118058,
      184727926.93488616,
      214127732.47599068,
      163002546.12271357
    ],
    "rmse_folds": [
      13497.749694778375,
      9150.572866284416,
      13591.465223988404,
      14633.103993206318,
      12767.245048275434
    ],
    "r2_folds": [
      0.9042263933148569,
      0.9617803040937936,
      0.9233352696479767,
      0.9191830645232408,
      0.9230534081375129
    ],
    "rmse_rank": 1.0,
    "r2_score_rank": 1.0,
    "avg_rank": 1.0
  }
}